/* -------------------------------------
 * ------ MICRODB MERCADOLIBRE ---------
 * -------------------------------------
 * 
 * 
 * ========= DML INSERTS=============
 */

-- DATABASE
USE microdb_mercadolibre;

-- TABLES
DELETE FROM products_details;
DELETE FROM products;
DELETE FROM sellers;
DELETE FROM users_addresses_details;
DELETE FROM users_addresses;
DELETE FROM users_details;
DELETE FROM users;

INSERT INTO users (id, nickname, first_name, last_name, email, identification_type, identification_number, country_id, creation_date, update_date) VALUES
(1, 'RAFA-CON', 'Rafael', 'Castro', 'rafael_castro88@gmail.com', 'DNI', '445938822', 'AR', NOW(), NOW()),
(2, 'JAVIER GONZALEZ', 'Javier', 'Gonzalez', 'javiBoquita@gmail.com', 'DNI', '2672268765', 'AR', NOW(), NOW()),
(3, 'HECTOR SS G', 'Hector', 'Gomez', 'hectorGomez78@gmail.com', 'DNI', '2172265827', 'AR', NOW(), NOW()),
(4, 'GABRIELA JIMENEZ', 'Gabriela', 'Jimenez', 'gabriela.consultas@hotmail.com', 'DNI', '410871223', 'AR', NOW(), NOW()),
(5, 'GUSTA G K', 'Gustavo', 'Gomez', 'gustavo_andaluz@gmail.com', 'PASAPORTE', '748000221', 'AR', NOW(), NOW()),
(6, 'JOSE_PEREZ', 'Jose', 'Perez', 'jose_consultasInternas@hotmail.com', 'DNI', '22287680', 'AR', NOW(), NOW()),
(7, 'JULI54', 'Julieta', 'Bustos', 'julietaBustos@outlook.com', 'DNI', '3456271812', 'AR', NOW(), NOW()),
(8, 'RAMÓN2022', 'Ramon', 'Castro', 'ramoncnc2022@gmail.com', 'DNI', '2271617711', 'AR', NOW(), NOW()),
(9, 'LUIS_MATERA', 'Luis', 'Matera', 'luis_jose_matera_91@hotmail.com', 'DNI', '252441112', 'AR', NOW(), NOW()),
(10, 'CARLOS MARTINEZ', 'Carlos', 'Martinez', 'carlos_etec_martinez@gmail.com', 'DNI', '2718181112', 'AR', NOW(), NOW()),
(11, 'SOFIA PAZ', 'Sofia', 'Paz', 'sofi.paz.107@hotmail.com', 'DNI', '2617223234', 'AR', NOW(), NOW()),
(12, 'ELENA FUKZEK', 'Elena', 'Fukzek', 'elenaFukzekLikert@gmail.com', 'PASAPORTE', '34522122', 'AR', NOW(), NOW()),
(13, 'MARIA_LOPEZ', 'Maria', 'Lopez', 'maria.lopez@gmail.com', 'DNI', '28765432', 'AR', NOW(), NOW()),
(14, 'JUAN_PEREZ', 'Juan', 'Perez', 'juan.perez@hotmail.com', 'DNI', '29876543', 'AR', NOW(), NOW()),
(15, 'ANA_GARCIA', 'Ana', 'Garcia', 'ana.garcia@outlook.com', 'DNI', '30987654', 'AR', NOW(), NOW()),
(16, 'PEDRO_SANCHEZ', 'Pedro', 'Sanchez', 'pedro.sanchez@gmail.com', 'DNI', '32098765', 'AR', NOW(), NOW()),
(17, 'LAURA_MARTINEZ', 'Laura', 'Martinez', 'laura.martinez@hotmail.com', 'DNI', '33109876', 'AR', NOW(), NOW()),
(18, 'CARLOS_RODRIGUEZ', 'Carlos', 'Rodriguez', 'carlos.rodriguez@outlook.com', 'DNI', '34210987', 'AR', NOW(), NOW()),
(19, 'SUSANA_FERNANDEZ', 'Susana', 'Fernandez', 'susana.fernandez@gmail.com', 'DNI', '35321098', 'AR', NOW(), NOW()),
(20, 'ROBERTO_DIAZ', 'Roberto', 'Diaz', 'roberto.diaz@hotmail.com', 'DNI', '36432109', 'AR', NOW(), NOW()),
(21, 'PATRICIA_ROMERO', 'Patricia', 'Romero', 'patricia.romero@outlook.com', 'DNI', '37543210', 'AR', NOW(), NOW()),
(22, 'MIGUEL_TORRES', 'Miguel', 'Torres', 'miguel.torres@gmail.com', 'DNI', '38654321', 'AR', NOW(), NOW()),
(23, 'ELENA_MORALES', 'Elena', 'Morales', 'elena.morales@hotmail.com', 'DNI', '39765432', 'AR', NOW(), NOW()),
(24, 'JORGE_SILVA', 'Jorge', 'Silva', 'jorge.silva@outlook.com', 'DNI', '40876543', 'AR', NOW(), NOW()),
(25, 'NATALIA_ORTIZ', 'Natalia', 'Ortiz', 'natalia.ortiz@gmail.com', 'DNI', '41987654', 'AR', NOW(), NOW()),
(26, 'FERNANDO_NAVARRO', 'Fernando', 'Navarro', 'fernando.navarro@hotmail.com', 'DNI', '43098765', 'AR', NOW(), NOW()),
(27, 'MARIANA_RAMIREZ', 'Mariana', 'Ramirez', 'mariana.ramirez@outlook.com', 'DNI', '44109876', 'AR', NOW(), NOW()),
(28, 'DIEGO_MENDOZA', 'Diego', 'Mendoza', 'diego.mendoza@gmail.com', 'DNI', '45210987', 'AR', NOW(), NOW()),
(29, 'VALERIA_HERRERA', 'Valeria', 'Herrera', 'valeria.herrera@hotmail.com', 'DNI', '46321098', 'AR', NOW(), NOW()),
(30, 'MARTIN_GIMENEZ', 'Martin', 'Gimenez', 'martin.gimenez@outlook.com', 'DNI', '47432109', 'AR', NOW(), NOW()),
(31, 'FLORENCIA_ACOSTA', 'Florencia', 'Acosta', 'florencia.acosta@gmail.com', 'DNI', '48543210', 'AR', NOW(), NOW()),
(32, 'FEDERICO_MEDINA', 'Federico', 'Medina', 'federico.medina@hotmail.com', 'DNI', '49654321', 'AR', NOW(), NOW()),
(33, 'LUCIA_CORDOBA', 'Lucia', 'Cordoba', 'lucia.cordoba@outlook.com', 'DNI', '50765432', 'AR', NOW(), NOW()),
(34, 'AGUSTIN_FERRARI', 'Agustin', 'Ferrari', 'agustin.ferrari@gmail.com', 'DNI', '51876543', 'AR', NOW(), NOW()),
(35, 'CAMILA_BENITEZ', 'Camila', 'Benitez', 'camila.benitez@hotmail.com', 'DNI', '52987654', 'AR', NOW(), NOW()),
(36, 'MAXIMILIANO_RIOS', 'Maximiliano', 'Rios', 'maximiliano.rios@outlook.com', 'DNI', '53098765', 'AR', NOW(), NOW()),
(37, 'SOLEDAD_MOLINA', 'Soledad', 'Molina', 'soledad.molina@gmail.com', 'DNI', '54109876', 'AR', NOW(), NOW()),
(38, 'FACUNDO_JUAREZ', 'Facundo', 'Juarez', 'facundo.juarez@hotmail.com', 'DNI', '55210987', 'AR', NOW(), NOW()),
(39, 'ROMINA_AGUIRRE', 'Romina', 'Aguirre', 'romina.aguirre@outlook.com', 'DNI', '56321098', 'AR', NOW(), NOW()),
(40, 'LEANDRO_MANSILLA', 'Leandro', 'Mansilla', 'leandro.mansilla@gmail.com', 'DNI', '57432109', 'AR', NOW(), NOW()),
(41, 'JULIANA_ESCOBAR', 'Juliana', 'Escobar', 'juliana.escobar@hotmail.com', 'DNI', '58543210', 'AR', NOW(), NOW()),
(42, 'TOMAS_ARIAS', 'Tomas', 'Arias', 'tomas.arias@outlook.com', 'DNI', '59654321', 'AR', NOW(), NOW());

INSERT INTO users_details (id, user_id, contact, phone, alternative_phone, user_type, points, site_id, permalink, creation_date, update_date) VALUES
(1, 1, 'Rafael Castro', '11746349938', '11746349939', 'normal', 300, 'MLA', 'http://perfil.mercadolibre.com.ar/RAFA-CON', NOW(), NOW()),
(2, 2, 'Javier Gonzalez', '1187265514', '1187265515', 'suscribed', 3500, 'MLA', 'http://perfil.mercadolibre.com.ar/JAVIER-GONZALEZ', NOW(), NOW()),
(3, 3, 'Hector Gomez', '1187265523', '1187265563', 'normal', 7500, 'MLA', 'http://perfil.mercadolibre.com.ar/HECTOR-SS-G', NOW(), NOW()),
(4, 4, 'Gabriela Jimenez', '11234514', '11234515', 'suscribed', 7500, 'MLA', 'http://perfil.mercadolibre.com.ar/GABRIELA-JIMENEZ', NOW(), NOW()),
(5, 5, 'Gustavo Gomez', '113365514', '113365515', 'normal', 1400, 'MLA', 'http://perfil.mercadolibre.com.ar/GUSTA-G-K', NOW(), NOW()),
(6, 6, 'Jose Perez', '117464533', '117464534', 'suscribed', 2200, 'MLA', 'http://perfil.mercadolibre.com.ar/JOSE-PEREZ', NOW(), NOW()),
(7, 7, 'Julieta Bustos', '1162711182', '1162711183', 'normal', 1200, 'MLA', 'http://perfil.mercadolibre.com.ar/JULI54', NOW(), NOW()),
(8, 8, 'Ramon Castro', '11726383733', '11726383734', 'suscribed', 1300, 'MLA', 'http://perfil.mercadolibre.com.ar/RAMON2022', NOW(), NOW()),
(9, 9, 'Luis Matera', '1183739444', '1183739445', 'suscribed', 3400, 'MLA', 'http://perfil.mercadolibre.com.ar/LUIS-MATERA', NOW(), NOW()),
(10, 10, 'Carlos Martinez', '1156789123', '1156789124', 'normal', 2800, 'MLA', 'http://perfil.mercadolibre.com.ar/CARLOS-MARTINEZ', NOW(), NOW()),
(11, 11, 'Sofia Paz', '1167891234', '1167891235', 'suscribed', 4200, 'MLA', 'http://perfil.mercadolibre.com.ar/SOFIA-PAZ', NOW(), NOW()),
(12, 12, 'Elena Fukzek', '1178912345', '1178912346', 'normal', 3600, 'MLA', 'http://perfil.mercadolibre.com.ar/ELENA-FUKZEK', NOW(), NOW()),
(13, 13, 'Maria Lopez', '1189123456', '1189123457', 'suscribed', 5100, 'MLA', 'http://perfil.mercadolibre.com.ar/MARIA-LOPEZ', NOW(), NOW()),
(14, 14, 'Juan Perez', '1191234567', '1191234568', 'normal', 2900, 'MLA', 'http://perfil.mercadolibre.com.ar/JUAN-PEREZ', NOW(), NOW()),
(15, 15, 'Ana Garcia', '1102345678', '1102345679', 'suscribed', 4800, 'MLA', 'http://perfil.mercadolibre.com.ar/ANA-GARCIA', NOW(), NOW()),
(16, 16, 'Pedro Sanchez', '1113456789', '1113456790', 'normal', 3300, 'MLA', 'http://perfil.mercadolibre.com.ar/PEDRO-SANCHEZ', NOW(), NOW()),
(17, 17, 'Laura Martinez', '1124567890', '1124567891', 'suscribed', 5500, 'MLA', 'http://perfil.mercadolibre.com.ar/LAURA-MARTINEZ', NOW(), NOW()),
(18, 18, 'Carlos Rodriguez', '1135678901', '1135678902', 'normal', 3100, 'MLA', 'http://perfil.mercadolibre.com.ar/CARLOS-RODRIGUEZ', NOW(), NOW()),
(19, 19, 'Susana Fernandez', '1146789012', '1146789013', 'suscribed', 4900, 'MLA', 'http://perfil.mercadolibre.com.ar/SUSANA-FERNANDEZ', NOW(), NOW()),
(20, 20, 'Roberto Diaz', '1157890123', '1157890124', 'normal', 2700, 'MLA', 'http://perfil.mercadolibre.com.ar/ROBERTO-DIAZ', NOW(), NOW()),
(21, 21, 'Patricia Romero', '1168901234', '1168901235', 'suscribed', 5300, 'MLA', 'http://perfil.mercadolibre.com.ar/PATRICIA-ROMERO', NOW(), NOW()),
(22, 22, 'Miguel Torres', '1179012345', '1179012346', 'normal', 3400, 'MLA', 'http://perfil.mercadolibre.com.ar/MIGUEL-TORRES', NOW(), NOW()),
(23, 23, 'Elena Morales', '1180123456', '1180123457', 'suscribed', 4700, 'MLA', 'http://perfil.mercadolibre.com.ar/ELENA-MORALES', NOW(), NOW()),
(24, 24, 'Jorge Silva', '1191234567', '1191234568', 'normal', 3200, 'MLA', 'http://perfil.mercadolibre.com.ar/JORGE-SILVA', NOW(), NOW()),
(25, 25, 'Natalia Ortiz', '1102345678', '1102345679', 'suscribed', 5100, 'MLA', 'http://perfil.mercadolibre.com.ar/NATALIA-ORTIZ', NOW(), NOW()),
(26, 26, 'Fernando Navarro', '1113456789', '1113456790', 'normal', 3600, 'MLA', 'http://perfil.mercadolibre.com.ar/FERNANDO-NAVARRO', NOW(), NOW()),
(27, 27, 'Mariana Ramirez', '1124567890', '1124567891', 'suscribed', 5400, 'MLA', 'http://perfil.mercadolibre.com.ar/MARIANA-RAMIREZ', NOW(), NOW()),
(28, 28, 'Diego Mendoza', '1135678901', '1135678902', 'normal', 3300, 'MLA', 'http://perfil.mercadolibre.com.ar/DIEGO-MENDOZA', NOW(), NOW()),
(29, 29, 'Valeria Herrera', '1146789012', '1146789013', 'suscribed', 4900, 'MLA', 'http://perfil.mercadolibre.com.ar/VALERIA-HERRERA', NOW(), NOW()),
(30, 30, 'Martin Gimenez', '1157890123', '1157890124', 'normal', 3100, 'MLA', 'http://perfil.mercadolibre.com.ar/MARTIN-GIMENEZ', NOW(), NOW()),
(31, 31, 'Florencia Acosta', '1168901234', '1168901235', 'suscribed', 5200, 'MLA', 'http://perfil.mercadolibre.com.ar/FLORENCIA-ACOSTA', NOW(), NOW()),
(32, 32, 'Federico Medina', '1179012345', '1179012346', 'normal', 3500, 'MLA', 'http://perfil.mercadolibre.com.ar/FEDERICO-MEDINA', NOW(), NOW()),
(33, 33, 'Lucia Cordoba', '1180123456', '1180123457', 'suscribed', 4800, 'MLA', 'http://perfil.mercadolibre.com.ar/LUCIA-CORDOBA', NOW(), NOW()),
(34, 34, 'Agustin Ferrari', '1191234567', '1191234568', 'normal', 3400, 'MLA', 'http://perfil.mercadolibre.com.ar/AGUSTIN-FERRARI', NOW(), NOW()),
(35, 35, 'Camila Benitez', '1102345678', '1102345679', 'suscribed', 5000, 'MLA', 'http://perfil.mercadolibre.com.ar/CAMILA-BENITEZ', NOW(), NOW()),
(36, 36, 'Maximiliano Rios', '1113456789', '1113456790', 'normal', 3300, 'MLA', 'http://perfil.mercadolibre.com.ar/MAXIMILIANO-RIOS', NOW(), NOW()),
(37, 37, 'Soledad Molina', '1124567890', '1124567891', 'suscribed', 5100, 'MLA', 'http://perfil.mercadolibre.com.ar/SOLEDAD-MOLINA', NOW(), NOW()),
(38, 38, 'Facundo Juarez', '1135678901', '1135678902', 'normal', 3600, 'MLA', 'http://perfil.mercadolibre.com.ar/FACUNDO-JUAREZ', NOW(), NOW()),
(39, 39, 'Romina Aguirre', '1146789012', '1146789013', 'suscribed', 4900, 'MLA', 'http://perfil.mercadolibre.com.ar/ROMINA-AGUIRRE', NOW(), NOW()),
(40, 40, 'Leandro Mansilla', '1157890123', '1157890124', 'normal', 3200, 'MLA', 'http://perfil.mercadolibre.com.ar/LEANDRO-MANSILLA', NOW(), NOW()),
(41, 41, 'Juliana Escobar', '1168901234', '1168901235', 'suscribed', 5300, 'MLA', 'http://perfil.mercadolibre.com.ar/JULIANA-ESCOBAR', NOW(), NOW()),
(42, 42, 'Tomas Arias', '1179012345', '1179012346', 'normal', 3400, 'MLA', 'http://perfil.mercadolibre.com.ar/TOMAS-ARIAS', NOW(), NOW());

INSERT INTO users_addresses (id, user_id, address_line, floor, apartment, street_number, street_name, zip_code, city_id, city_name, creation_date, update_date) VALUES
(1, 1, 'Av. Corrientes 1234', '3', 'A', '1234', 'Av. Corrientes', '1043', 'MLA123456', 'Buenos Aires', NOW(), NOW()),
(2, 2, 'Calle Florida 567', '4', 'B', '567', 'Florida', '1005', 'MLA234567', 'Buenos Aires', NOW(), NOW()),
(1, 1, 'Guatemala 5100', '1', 'C22', '5100', 'Guatemala', '1200', 'TUxBQlBBTDI1MTVa', 'Palermo', NOW(), NOW()),
(2, 2, 'Av. San martin 12090', NULL, NULL, '12090', 'Av. San Martin', '2231', 'UWHAH9asnqKKSLAA', 'Los palos', NOW(), NOW()),
(3, 3, '691 Gelly y Obes', '5', '5B', '691', 'Gelly y Obes', '356', 'OOWA78SKLANNSAQQ', 'Bella Vista', NOW(), NOW()),
(4, 4, 'Concordia 524', NULL, NULL, '524', 'Concordia', '221', 'KKSIAHHHDYDYY88Q', 'Jose c paz', NOW(), NOW()),
(5, 5, 'Av Juan Gallardo 221', '2', '2f', '221', 'Av. Gallardo', '921', 'KJAKSDHJ2212JDAS', 'Parque Centenario', NOW(), NOW()),
(6, 6, 'Olleros 89', '12', '12H', '89', 'Olleros', '222', 'YUJABS8987ASA7S7', 'Palermo', NOW(), NOW()),
(7, 7, 'Av. Corrientes 1234', '3', 'A', '1234', 'Av. Corrientes', '1043', 'MLA123456', 'Buenos Aires', NOW(), NOW()),
(8, 8, 'Calle Florida 567', '4', 'B', '567', 'Florida', '1005', 'MLA234567', 'Buenos Aires', NOW(), NOW()),
(9, 9, 'Av. Santa Fe 789', '2', 'C', '789', 'Santa Fe', '1059', 'MLA345678', 'Buenos Aires', NOW(), NOW()),
(10, 10, 'Calle Lavalle 321', '5', 'D', '321', 'Lavalle', '1047', 'MLA456789', 'Buenos Aires', NOW(), NOW()),
(11, 11, 'Av. 9 de Julio 1000', '1', 'E', '1000', '9 de Julio', '1073', 'MLA567890', 'Buenos Aires', NOW(), NOW()),
(12, 12, 'Calle Reconquista 234', '6', 'F', '234', 'Reconquista', '1003', 'MLA678901', 'Buenos Aires', NOW(), NOW()),
(13, 13, 'Av. Callao 567', '2', 'G', '567', 'Callao', '1022', 'MLA789012', 'Buenos Aires', NOW(), NOW()),
(14, 14, 'Calle Suipacha 890', '7', 'H', '890', 'Suipacha', '1008', 'MLA890123', 'Buenos Aires', NOW(), NOW()),
(15, 15, 'Av. Alvear 123', '3', 'I', '123', 'Alvear', '1014', 'MLA901234', 'Buenos Aires', NOW(), NOW()),
(16, 16, 'Calle Paraguay 456', '8', 'J', '456', 'Paraguay', '1057', 'MLA012345', 'Buenos Aires', NOW(), NOW()),
(17, 17, 'Av. Pueyrredón 789', '4', 'K', '789', 'Pueyrredón', '1032', 'MLA123456', 'Buenos Aires', NOW(), NOW()),
(18, 18, 'Calle Esmeralda 234', '9', 'L', '234', 'Esmeralda', '1035', 'MLA234567', 'Buenos Aires', NOW(), NOW()),
(19, 19, 'Av. Libertador 567', '5', 'M', '567', 'Libertador', '1425', 'MLA345678', 'Buenos Aires', NOW(), NOW()),
(20, 20, 'Calle Viamonte 890', '10', 'N', '890', 'Viamonte', '1053', 'MLA456789', 'Buenos Aires', NOW(), NOW()),
(21, 21, 'Av. del Libertador 123', '6', 'O', '123', 'Libertador', '1425', 'MLA567890', 'Buenos Aires', NOW(), NOW()),
(22, 22, 'Calle Tucumán 456', '11', 'P', '456', 'Tucumán', '1049', 'MLA678901', 'Buenos Aires', NOW(), NOW()),
(23, 23, 'Av. Leandro N. Alem 789', '7', 'Q', '789', 'Leandro N. Alem', '1001', 'MLA789012', 'Buenos Aires', NOW(), NOW()),
(24, 24, 'Calle San Martín 234', '12', 'R', '234', 'San Martín', '1004', 'MLA890123', 'Buenos Aires', NOW(), NOW()),
(25, 25, 'Av. Belgrano 567', '8', 'S', '567', 'Belgrano', '1092', 'MLA901234', 'Buenos Aires', NOW(), NOW()),
(26, 26, 'Calle Perú 890', '13', 'T', '890', 'Perú', '1067', 'MLA012345', 'Buenos Aires', NOW(), NOW()),
(27, 27, 'Av. Independencia 123', '9', 'U', '123', 'Independencia', '1099', 'MLA123456', 'Buenos Aires', NOW(), NOW()),
(28, 28, 'Calle Hipólito Yrigoyen 456', '14', 'V', '456', 'Hipólito Yrigoyen', '1086', 'MLA234567', 'Buenos Aires', NOW(), NOW()),
(29, 29, 'Av. de Mayo 789', '10', 'W', '789', 'de Mayo', '1084', 'MLA345678', 'Buenos Aires', NOW(), NOW()),
(30, 30, 'Calle Defensa 234', '15', 'X', '234', 'Defensa', '1065', 'MLA456789', 'Buenos Aires', NOW(), NOW()),
(31, 31, 'Av. Boedo 567', '11', 'Y', '567', 'Boedo', '1226', 'MLA567890', 'Buenos Aires', NOW(), NOW()),
(32, 32, 'Calle Avellaneda 890', '16', 'Z', '890', 'Avellaneda', '1406', 'MLA678901', 'Buenos Aires', NOW(), NOW()),
(33, 33, 'Av. La Plata 123', '12', 'AA', '123', 'La Plata', '1184', 'MLA789012', 'Buenos Aires', NOW(), NOW()),
(34, 34, 'Calle Chacabuco 456', '17', 'AB', '456', 'Chacabuco', '1069', 'MLA890123', 'Buenos Aires', NOW(), NOW()),
(35, 35, 'Av. Jujuy 789', '13', 'AC', '789', 'Jujuy', '1078', 'MLA901234', 'Buenos Aires', NOW(), NOW()),
(36, 36, 'Calle Salta 234', '18', 'AD', '234', 'Salta', '1070', 'MLA012345', 'Buenos Aires', NOW(), NOW()),
(37, 37, 'Av. Entre Ríos 567', '14', 'AE', '567', 'Entre Ríos', '1080', 'MLA123456', 'Buenos Aires', NOW(), NOW()),
(38, 38, 'Calle Pichincha 890', '19', 'AF', '890', 'Pichincha', '1179', 'MLA234567', 'Buenos Aires', NOW(), NOW()),
(39, 39, 'Av. San Juan 123', '15', 'AG', '123', 'San Juan', '1147', 'MLA345678', 'Buenos Aires', NOW(), NOW()),
(40, 40, 'Calle Humberto Primo 456', '20', 'AH', '456', 'Humberto Primo', '1103', 'MLA456789', 'Buenos Aires', NOW(), NOW()),
(41, 41, 'Av. Caseros 789', '16', 'AI', '789', 'Caseros', '1266', 'MLA567890', 'Buenos Aires', NOW(), NOW()),
(42, 42, 'Calle Bolívar 234', '21', 'AJ', '234', 'Bolívar', '1066', 'MLA678901', 'Buenos Aires', NOW(), NOW());

INSERT INTO users_addresses_details (id, user_address_id, state_id, state_name, country_id, country_name, neighborhood_id, neighborhood_name, municipality_id, municipality_name, geolocation_type, latitude, longitude, creation_date, update_date) VALUES
(1, 1, 'AR-C', 'Capital Federal', 'AR', 'Argentina', 'TUxBQlBBTDI1MTVa', 'Palermo', 'TUxBQ0NBUGZlZG1sYQ', 'Capital Federal', 'RANGE_INTERPOLATED', -34.5823233, -58.4288987, NOW(), NOW()),
(2, 2, 'AR-B', 'Buenos Aires', 'AR', 'Argentina', 'TUxBQlBBTDI1MTVa', 'Los Palos', 'TUxBQ0NBUGZlZG1sYQ', 'Capital Federal', 'RANGE_INTERPOLATED', -34.5923233, -58.4188987, NOW(), NOW()),
(3, 3, 'AR-C', 'Capital Federal', 'AR', 'Argentina', 'TUxBQlBBTDI1MTVa', 'Recoleta', 'TUxBQ0NBUGZlZG1sYQ', 'Capital Federal', 'RANGE_INTERPOLATED', -34.6023233, -58.4088987, NOW(), NOW()),
(4, 4, 'AR-C', 'Capital Federal', 'AR', 'Argentina', 'TUxBQlBBTDI1MTVa', 'San Nicolás', 'TUxBQ0NBUGZlZG1sYQ', 'Capital Federal', 'RANGE_INTERPOLATED', -34.6123233, -58.3988987, NOW(), NOW()),
(5, 5, 'AR-C', 'Capital Federal', 'AR', 'Argentina', 'TUxBQlBBTDI1MTVa', 'Centro', 'TUxBQ0NBUGZlZG1sYQ', 'Capital Federal', 'RANGE_INTERPOLATED', -34.6223233, -58.3888987, NOW(), NOW()),
(6, 6, 'AR-C', 'Capital Federal', 'AR', 'Argentina', 'TUxBQlBBTDI1MTVa', 'Retiro', 'TUxBQ0NBUGZlZG1sYQ', 'Capital Federal', 'RANGE_INTERPOLATED', -34.6323233, -58.3788987, NOW(), NOW()),
(7, 7, 'AR-C', 'Capital Federal', 'AR', 'Argentina', 'TUxBQlBBTDI1MTVa', 'Monserrat', 'TUxBQ0NBUGZlZG1sYQ', 'Capital Federal', 'RANGE_INTERPOLATED', -34.6423233, -58.3688987, NOW(), NOW()),
(8, 8, 'AR-C', 'Capital Federal', 'AR', 'Argentina', 'TUxBQlBBTDI1MTVa', 'San Telmo', 'TUxBQ0NBUGZlZG1sYQ', 'Capital Federal', 'RANGE_INTERPOLATED', -34.6523233, -58.3588987, NOW(), NOW()),
(9, 9, 'AR-C', 'Capital Federal', 'AR', 'Argentina', 'TUxBQlBBTDI1MTVa', 'La Boca', 'TUxBQ0NBUGZlZG1sYQ', 'Capital Federal', 'RANGE_INTERPOLATED', -34.6623233, -58.3488987, NOW(), NOW()),
(10, 10, 'AR-C', 'Capital Federal', 'AR', 'Argentina', 'TUxBQlBBTDI1MTVa', 'Barracas', 'TUxBQ0NBUGZlZG1sYQ', 'Capital Federal', 'RANGE_INTERPOLATED', -34.6723233, -58.3388987, NOW(), NOW()),
(11, 11, 'AR-C', 'Capital Federal', 'AR', 'Argentina', 'TUxBQlBBTDI1MTVa', 'Boedo', 'TUxBQ0NBUGZlZG1sYQ', 'Capital Federal', 'RANGE_INTERPOLATED', -34.6823233, -58.3288987, NOW(), NOW()),
(12, 12, 'AR-C', 'Capital Federal', 'AR', 'Argentina', 'TUxBQlBBTDI1MTVa', 'Almagro', 'TUxBQ0NBUGZlZG1sYQ', 'Capital Federal', 'RANGE_INTERPOLATED', -34.6923233, -58.3188987, NOW(), NOW()),
(13, 13, 'AR-C', 'Capital Federal', 'AR', 'Argentina', 'TUxBQlBBTDI1MTVa', 'Caballito', 'TUxBQ0NBUGZlZG1sYQ', 'Capital Federal', 'RANGE_INTERPOLATED', -34.7023233, -58.3088987, NOW(), NOW()),
(14, 14, 'AR-C', 'Capital Federal', 'AR', 'Argentina', 'TUxBQlBBTDI1MTVa', 'Villa Crespo', 'TUxBQ0NBUGZlZG1sYQ', 'Capital Federal', 'RANGE_INTERPOLATED', -34.7123233, -58.2988987, NOW(), NOW()),
(15, 15, 'AR-C', 'Capital Federal', 'AR', 'Argentina', 'TUxBQlBBTDI1MTVa', 'Chacarita', 'TUxBQ0NBUGZlZG1sYQ', 'Capital Federal', 'RANGE_INTERPOLATED', -34.7223233, -58.2888987, NOW(), NOW()),
(16, 16, 'AR-C', 'Capital Federal', 'AR', 'Argentina', 'TUxBQlBBTDI1MTVa', 'Colegiales', 'TUxBQ0NBUGZlZG1sYQ', 'Capital Federal', 'RANGE_INTERPOLATED', -34.7323233, -58.2788987, NOW(), NOW()),
(17, 17, 'AR-C', 'Capital Federal', 'AR', 'Argentina', 'TUxBQlBBTDI1MTVa', 'Belgrano', 'TUxBQ0NBUGZlZG1sYQ', 'Capital Federal', 'RANGE_INTERPOLATED', -34.7423233, -58.2688987, NOW(), NOW()),
(18, 18, 'AR-C', 'Capital Federal', 'AR', 'Argentina', 'TUxBQlBBTDI1MTVa', 'Nuñez', 'TUxBQ0NBUGZlZG1sYQ', 'Capital Federal', 'RANGE_INTERPOLATED', -34.7523233, -58.2588987, NOW(), NOW()),
(19, 19, 'AR-C', 'Capital Federal', 'AR', 'Argentina', 'TUxBQlBBTDI1MTVa', 'Saavedra', 'TUxBQ0NBUGZlZG1sYQ', 'Capital Federal', 'RANGE_INTERPOLATED', -34.7623233, -58.2488987, NOW(), NOW()),
(20, 20, 'AR-C', 'Capital Federal', 'AR', 'Argentina', 'TUxBQlBBTDI1MTVa', 'Coghlan', 'TUxBQ0NBUGZlZG1sYQ', 'Capital Federal', 'RANGE_INTERPOLATED', -34.7723233, -58.2388987, NOW(), NOW()),
(21, 21, 'AR-C', 'Capital Federal', 'AR', 'Argentina', 'TUxBQlBBTDI1MTVa', 'Villa Urquiza', 'TUxBQ0NBUGZlZG1sYQ', 'Capital Federal', 'RANGE_INTERPOLATED', -34.7823233, -58.2288987, NOW(), NOW()),
(22, 22, 'AR-C', 'Capital Federal', 'AR', 'Argentina', 'TUxBQlBBTDI1MTVa', 'Villa Pueyrredón', 'TUxBQ0NBUGZlZG1sYQ', 'Capital Federal', 'RANGE_INTERPOLATED', -34.7923233, -58.2188987, NOW(), NOW()),
(23, 23, 'AR-C', 'Capital Federal', 'AR', 'Argentina', 'TUxBQlBBTDI1MTVa', 'Agronomía', 'TUxBQ0NBUGZlZG1sYQ', 'Capital Federal', 'RANGE_INTERPOLATED', -34.8023233, -58.2088987, NOW(), NOW()),
(24, 24, 'AR-C', 'Capital Federal', 'AR', 'Argentina', 'TUxBQlBBTDI1MTVa', 'Parque Chas', 'TUxBQ0NBUGZlZG1sYQ', 'Capital Federal', 'RANGE_INTERPOLATED', -34.8123233, -58.1988987, NOW(), NOW()),
(25, 25, 'AR-C', 'Capital Federal', 'AR', 'Argentina', 'TUxBQlBBTDI1MTVa', 'Villa Ortúzar', 'TUxBQ0NBUGZlZG1sYQ', 'Capital Federal', 'RANGE_INTERPOLATED', -34.8223233, -58.1888987, NOW(), NOW()),
(26, 26, 'AR-C', 'Capital Federal', 'AR', 'Argentina', 'TUxBQlBBTDI1MTVa', 'Villa del Parque', 'TUxBQ0NBUGZlZG1sYQ', 'Capital Federal', 'RANGE_INTERPOLATED', -34.8323233, -58.1788987, NOW(), NOW()),
(27, 27, 'AR-C', 'Capital Federal', 'AR', 'Argentina', 'TUxBQlBBTDI1MTVa', 'Villa Santa Rita', 'TUxBQ0NBUGZlZG1sYQ', 'Capital Federal', 'RANGE_INTERPOLATED', -34.8423233, -58.1688987, NOW(), NOW()),
(28, 28, 'AR-C', 'Capital Federal', 'AR', 'Argentina', 'TUxBQlBBTDI1MTVa', 'Villa General Mitre', 'TUxBQ0NBUGZlZG1sYQ', 'Capital Federal', 'RANGE_INTERPOLATED', -34.8523233, -58.1588987, NOW(), NOW()),
(29, 29, 'AR-C', 'Capital Federal', 'AR', 'Argentina', 'TUxBQlBBTDI1MTVa', 'Villa Devoto', 'TUxBQ0NBUGZlZG1sYQ', 'Capital Federal', 'RANGE_INTERPOLATED', -34.8623233, -58.1488987, NOW(), NOW()),
(30, 30, 'AR-C', 'Capital Federal', 'AR', 'Argentina', 'TUxBQlBBTDI1MTVa', 'Villa Real', 'TUxBQ0NBUGZlZG1sYQ', 'Capital Federal', 'RANGE_INTERPOLATED', -34.8723233, -58.1388987, NOW(), NOW()),
(31, 31, 'AR-C', 'Capital Federal', 'AR', 'Argentina', 'TUxBQlBBTDI1MTVa', 'Monte Castro', 'TUxBQ0NBUGZlZG1sYQ', 'Capital Federal', 'RANGE_INTERPOLATED', -34.8823233, -58.1288987, NOW(), NOW()),
(32, 32, 'AR-C', 'Capital Federal', 'AR', 'Argentina', 'TUxBQlBBTDI1MTVa', 'Villa Luro', 'TUxBQ0NBUGZlZG1sYQ', 'Capital Federal', 'RANGE_INTERPOLATED', -34.8923233, -58.1188987, NOW(), NOW()),
(33, 33, 'AR-C', 'Capital Federal', 'AR', 'Argentina', 'TUxBQlBBTDI1MTVa', 'Vélez Sarsfield', 'TUxBQ0NBUGZlZG1sYQ', 'Capital Federal', 'RANGE_INTERPOLATED', -34.9023233, -58.1088987, NOW(), NOW()),
(34, 34, 'AR-C', 'Capital Federal', 'AR', 'Argentina', 'TUxBQlBBTDI1MTVa', 'Floresta', 'TUxBQ0NBUGZlZG1sYQ', 'Capital Federal', 'RANGE_INTERPOLATED', -34.9123233, -58.0988987, NOW(), NOW()),
(35, 35, 'AR-C', 'Capital Federal', 'AR', 'Argentina', 'TUxBQlBBTDI1MTVa', 'Villa Santa Rita', 'TUxBQ0NBUGZlZG1sYQ', 'Capital Federal', 'RANGE_INTERPOLATED', -34.9223233, -58.0888987, NOW(), NOW()),
(36, 36, 'AR-C', 'Capital Federal', 'AR', 'Argentina', 'TUxBQlBBTDI1MTVa', 'Villa del Parque', 'TUxBQ0NBUGZlZG1sYQ', 'Capital Federal', 'RANGE_INTERPOLATED', -34.9323233, -58.0788987, NOW(), NOW()),
(37, 37, 'AR-C', 'Capital Federal', 'AR', 'Argentina', 'TUxBQlBBTDI1MTVa', 'Villa General Mitre', 'TUxBQ0NBUGZlZG1sYQ', 'Capital Federal', 'RANGE_INTERPOLATED', -34.9423233, -58.0688987, NOW(), NOW()),
(38, 38, 'AR-C', 'Capital Federal', 'AR', 'Argentina', 'TUxBQlBBTDI1MTVa', 'Villa Devoto', 'TUxBQ0NBUGZlZG1sYQ', 'Capital Federal', 'RANGE_INTERPOLATED', -34.9523233, -58.0588987, NOW(), NOW()),
(39, 39, 'AR-C', 'Capital Federal', 'AR', 'Argentina', 'TUxBQlBBTDI1MTVa', 'Villa Real', 'TUxBQ0NBUGZlZG1sYQ', 'Capital Federal', 'RANGE_INTERPOLATED', -34.9623233, -58.0488987, NOW(), NOW()),
(40, 40, 'AR-C', 'Capital Federal', 'AR', 'Argentina', 'TUxBQlBBTDI1MTVa', 'Monte Castro', 'TUxBQ0NBUGZlZG1sYQ', 'Capital Federal', 'RANGE_INTERPOLATED', -34.9723233, -58.0388987, NOW(), NOW()),
(41, 41, 'AR-C', 'Capital Federal', 'AR', 'Argentina', 'TUxBQlBBTDI1MTVa', 'Villa Luro', 'TUxBQ0NBUGZlZG1sYQ', 'Capital Federal', 'RANGE_INTERPOLATED', -34.9823233, -58.0288987, NOW(), NOW()),
(42, 42, 'AR-C', 'Capital Federal', 'AR', 'Argentina', 'TUxBQlBBTDI1MTVa', 'Vélez Sarsfield', 'TUxBQ0NBUGZlZG1sYQ', 'Capital Federal', 'RANGE_INTERPOLATED', -34.9923233, -58.0188987, NOW(), NOW());

INSERT INTO sellers (id, user_id, status_billing_allow, status_buy_allow, status_sell_action_allow, mercadopago_account_type, mercadopago_tc_accepted, site_status, shopping_cart_buy, shopping_cart_sell, inmediate_payment, shipping_market, creation_date, update_date) VALUES
(1, 1, 1, 1, 1, 'business', 1, 'active', 'allowed', 'allowed', 1, 'accepted', NOW(), NOW()),
(2, 2, 1, 0, 1, 'personal', 1, 'active', 'not_allowed', 'allowed', 0, 'accepted', NOW(), NOW()),
(3, 3, 1, 1, 0, 'business', 1, 'suspended', 'allowed', 'not_allowed', 1, 'not_accepted', NOW(), NOW()),
(4, 4, 0, 1, 1, 'personal', 0, 'active', 'allowed', 'allowed', 0, 'accepted', NOW(), NOW()),
(5, 5, 1, 0, 0, 'business', 1, 'inactive', 'not_allowed', 'not_allowed', 1, 'not_accepted', NOW(), NOW()),
(6, 6, 1, 1, 1, 'business', 1, 'active', 'allowed', 'allowed', 1, 'accepted', NOW(), NOW()),
(7, 7, 0, 1, 1, 'personal', 1, 'active', 'allowed', 'allowed', 0, 'accepted', NOW(), NOW()),
(8, 8, 1, 0, 1, 'business', 0, 'suspended', 'not_allowed', 'allowed', 1, 'not_accepted', NOW(), NOW()),
(9, 9, 1, 1, 0, 'personal', 1, 'active', 'allowed', 'not_allowed', 0, 'accepted', NOW(), NOW()),
(10, 10, 0, 0, 1, 'business', 1, 'inactive', 'not_allowed', 'allowed', 1, 'accepted', NOW(), NOW()),
(11, 11, 1, 1, 1, 'business', 1, 'active', 'allowed', 'allowed', 1, 'accepted', NOW(), NOW()),
(12, 12, 1, 0, 1, 'personal', 0, 'suspended', 'not_allowed', 'allowed', 0, 'not_accepted', NOW(), NOW()),
(13, 13, 0, 1, 0, 'business', 1, 'active', 'allowed', 'not_allowed', 1, 'accepted', NOW(), NOW()),
(14, 14, 1, 1, 1, 'personal', 1, 'inactive', 'allowed', 'allowed', 0, 'accepted', NOW(), NOW()),
(15, 15, 1, 0, 1, 'business', 0, 'active', 'not_allowed', 'allowed', 1, 'not_accepted', NOW(), NOW()),
(16, 16, 0, 1, 0, 'personal', 1, 'suspended', 'allowed', 'not_allowed', 0, 'accepted', NOW(), NOW()),
(17, 17, 1, 1, 1, 'business', 1, 'active', 'allowed', 'allowed', 1, 'accepted', NOW(), NOW()),
(18, 18, 1, 0, 1, 'personal', 0, 'inactive', 'not_allowed', 'allowed', 1, 'not_accepted', NOW(), NOW()),
(19, 19, 0, 1, 0, 'business', 1, 'active', 'allowed', 'not_allowed', 0, 'accepted', NOW(), NOW()),
(20, 20, 1, 1, 1, 'personal', 1, 'suspended', 'allowed', 'allowed', 1, 'accepted', NOW(), NOW()),
(21, 21, 1, 0, 1, 'business', 0, 'active', 'not_allowed', 'allowed', 0, 'not_accepted', NOW(), NOW()),
(22, 22, 0, 1, 0, 'personal', 1, 'inactive', 'allowed', 'not_allowed', 1, 'accepted', NOW(), NOW()),
(23, 23, 1, 1, 1, 'business', 1, 'active', 'allowed', 'allowed', 1, 'accepted', NOW(), NOW()),
(24, 24, 1, 0, 1, 'personal', 0, 'suspended', 'not_allowed', 'allowed', 1, 'not_accepted', NOW(), NOW()),
(25, 25, 0, 1, 0, 'business', 1, 'active', 'allowed', 'not_allowed', 0, 'accepted', NOW(), NOW()),
(26, 26, 1, 1, 1, 'personal', 1, 'inactive', 'allowed', 'allowed', 1, 'accepted', NOW(), NOW()),
(27, 27, 1, 0, 1, 'business', 0, 'active', 'not_allowed', 'allowed', 0, 'not_accepted', NOW(), NOW()),
(28, 28, 0, 1, 0, 'personal', 1, 'suspended', 'allowed', 'not_allowed', 1, 'accepted', NOW(), NOW()),
(29, 29, 1, 1, 1, 'business', 1, 'active', 'allowed', 'allowed', 1, 'accepted', NOW(), NOW()),
(30, 30, 1, 0, 1, 'personal', 0, 'inactive', 'not_allowed', 'allowed', 1, 'not_accepted', NOW(), NOW()),
(31, 31, 0, 1, 0, 'business', 1, 'active', 'allowed', 'not_allowed', 0, 'accepted', NOW(), NOW()),
(32, 32, 1, 1, 1, 'personal', 1, 'suspended', 'allowed', 'allowed', 1, 'accepted', NOW(), NOW()),
(33, 33, 1, 0, 1, 'business', 0, 'active', 'not_allowed', 'allowed', 0, 'not_accepted', NOW(), NOW()),
(34, 34, 0, 1, 0, 'personal', 1, 'inactive', 'allowed', 'not_allowed', 1, 'accepted', NOW(), NOW()),
(35, 35, 1, 1, 1, 'business', 1, 'active', 'allowed', 'allowed', 1, 'accepted', NOW(), NOW()),
(36, 36, 1, 0, 1, 'personal', 0, 'suspended', 'not_allowed', 'allowed', 1, 'not_accepted', NOW(), NOW()),
(37, 37, 0, 1, 0, 'business', 1, 'active', 'allowed', 'not_allowed', 0, 'accepted', NOW(), NOW()),
(38, 38, 1, 1, 1, 'personal', 1, 'inactive', 'allowed', 'allowed', 1, 'accepted', NOW(), NOW()),
(39, 39, 1, 0, 1, 'business', 0, 'active', 'not_allowed', 'allowed', 0, 'not_accepted', NOW(), NOW()),
(40, 40, 0, 1, 0, 'personal', 1, 'suspended', 'allowed', 'not_allowed', 1, 'accepted', NOW(), NOW()),
(41, 41, 1, 1, 1, 'business', 1, 'active', 'allowed', 'allowed', 1, 'accepted', NOW(), NOW()),
(42, 42, 1, 0, 1, 'personal', 0, 'inactive', 'not_allowed', 'allowed', 1, 'not_accepted', NOW(), NOW());

INSERT INTO products (id, site_id, title, subtitle, seller_id, category_id, official_store_id, price, base_price, original_price, initial_quantity, available_quantity, creation_date, update_date) VALUES
(1, 'MLA', 'iPhone 13 Pro Max 256GB', 'Nuevo, sellado, con garantía oficial de Apple', 1, 'MLA1055', NULL, 1200000.00, 1200000.00, 1200000.00, 10, 8, NOW(), NOW()),
(2, 'MLA', 'Samsung Galaxy S21 Ultra', 'Último modelo, libre de fábrica', 2, 'MLA1055', NULL, 950000.00, 950000.00, 950000.00, 15, 12, NOW(), NOW()),
(3, 'MLA', 'MacBook Pro M1 16"', 'Procesador M1 Pro, 16GB RAM, 512GB SSD', 3, 'MLA1648', NULL, 2500000.00, 2500000.00, 2500000.00, 5, 3, NOW(), NOW()),
(4, 'MLA', 'PlayStation 5', 'Edición Digital, nueva y sellada', 4, 'MLA1144', NULL, 450000.00, 450000.00, 450000.00, 20, 15, NOW(), NOW()),
(5, 'MLA', 'Nintendo Switch OLED', 'Blanca, nueva y sellada', 5, 'MLA1144', NULL, 280000.00, 280000.00, 280000.00, 25, 20, NOW(), NOW()),
(6, 'MLA', 'Sony WH-1000XM4', 'Auriculares inalámbricos con cancelación de ruido', 6, 'MLA3697', NULL, 180000.00, 180000.00, 180000.00, 30, 25, NOW(), NOW()),
(7, 'MLA', 'iPad Pro 12.9" M1', '256GB, WiFi + Cellular', 7, 'MLA1648', NULL, 1500000.00, 1500000.00, 1500000.00, 8, 6, NOW(), NOW()),
(8, 'MLA', 'Samsung 4K Smart TV 55"', 'QLED, Serie Q80A', 8, 'MLA1000', NULL, 800000.00, 800000.00, 800000.00, 12, 10, NOW(), NOW()),
(9, 'MLA', 'Canon EOS R6', 'Cámara Mirrorless Full Frame', 9, 'MLA1276', NULL, 1800000.00, 1800000.00, 1800000.00, 6, 4, NOW(), NOW()),
(10, 'MLA', 'DJI Mavic Air 2', 'Drone 4K, Fly More Combo', 10, 'MLA1276', NULL, 350000.00, 350000.00, 350000.00, 10, 8, NOW(), NOW()),
(11, 'MLA', 'Apple Watch Series 7', 'GPS + Cellular, 45mm', 11, 'MLA3697', NULL, 450000.00, 450000.00, 450000.00, 15, 12, NOW(), NOW()),
(12, 'MLA', 'Samsung Galaxy Watch 4', 'Classic, 46mm', 12, 'MLA3697', NULL, 280000.00, 280000.00, 280000.00, 20, 18, NOW(), NOW()),
(13, 'MLA', 'Bose QuietComfort 45', 'Auriculares con cancelación de ruido', 13, 'MLA3697', NULL, 220000.00, 220000.00, 220000.00, 25, 22, NOW(), NOW()),
(14, 'MLA', 'LG OLED TV 65"', 'Serie C1, 4K', 14, 'MLA1000', NULL, 1200000.00, 1200000.00, 1200000.00, 8, 6, NOW(), NOW()),
(15, 'MLA', 'Microsoft Surface Laptop 4', 'Intel Core i7, 16GB RAM', 15, 'MLA1648', NULL, 1800000.00, 1800000.00, 1800000.00, 10, 8, NOW(), NOW()),
(16, 'MLA', 'GoPro Hero 10 Black', 'Cámara de acción 5.3K', 16, 'MLA1276', NULL, 350000.00, 350000.00, 350000.00, 15, 12, NOW(), NOW()),
(17, 'MLA', 'Sony A7 IV', 'Cámara Mirrorless Full Frame', 17, 'MLA1276', NULL, 2200000.00, 2200000.00, 2200000.00, 5, 3, NOW(), NOW()),
(18, 'MLA', 'Apple AirPods Pro', 'Con cancelación de ruido', 18, 'MLA3697', NULL, 180000.00, 180000.00, 180000.00, 30, 25, NOW(), NOW()),
(19, 'MLA', 'Samsung Galaxy Buds Pro', 'Auriculares inalámbricos', 19, 'MLA3697', NULL, 150000.00, 150000.00, 150000.00, 25, 20, NOW(), NOW()),
(20, 'MLA', 'Xbox Series X', 'Consola nueva y sellada', 20, 'MLA1144', NULL, 500000.00, 500000.00, 500000.00, 15, 12, NOW(), NOW()),
(21, 'MLA', 'Nintendo Switch Lite', 'Turquesa, nueva y sellada', 21, 'MLA1144', NULL, 180000.00, 180000.00, 180000.00, 20, 18, NOW(), NOW()),
(22, 'MLA', 'Dell XPS 13', 'Intel Core i7, 16GB RAM', 22, 'MLA1648', NULL, 1600000.00, 1600000.00, 1600000.00, 8, 6, NOW(), NOW()),
(23, 'MLA', 'HP Spectre x360', 'Intel Core i7, 16GB RAM', 23, 'MLA1648', NULL, 1400000.00, 1400000.00, 1400000.00, 10, 8, NOW(), NOW()),
(24, 'MLA', 'Lenovo ThinkPad X1', 'Intel Core i7, 16GB RAM', 24, 'MLA1648', NULL, 1700000.00, 1700000.00, 1700000.00, 6, 4, NOW(), NOW()),
(25, 'MLA', 'Asus ROG Zephyrus', 'AMD Ryzen 9, 32GB RAM', 25, 'MLA1648', NULL, 2800000.00, 2800000.00, 2800000.00, 4, 2, NOW(), NOW()),
(26, 'MLA', 'MSI GE76 Raider', 'Intel Core i9, 32GB RAM', 26, 'MLA1648', NULL, 3000000.00, 3000000.00, 3000000.00, 4, 2, NOW(), NOW()),
(27, 'MLA', 'Alienware x17', 'Intel Core i9, 64GB RAM', 27, 'MLA1648', NULL, 3500000.00, 3500000.00, 3500000.00, 3, 1, NOW(), NOW()),
(28, 'MLA', 'Razer Blade 15', 'Intel Core i7, 32GB RAM', 28, 'MLA1648', NULL, 2200000.00, 2200000.00, 2200000.00, 6, 4, NOW(), NOW()),
(29, 'MLA', 'Acer Predator Helios', 'Intel Core i7, 16GB RAM', 29, 'MLA1648', NULL, 1800000.00, 1800000.00, 1800000.00, 8, 6, NOW(), NOW()),
(30, 'MLA', 'Gigabyte Aorus 15G', 'Intel Core i7, 32GB RAM', 30, 'MLA1648', NULL, 2000000.00, 2000000.00, 2000000.00, 6, 4, NOW(), NOW()),
(31, 'MLA', 'Sony WH-1000XM5', 'Auriculares inalámbricos', 31, 'MLA3697', NULL, 250000.00, 250000.00, 250000.00, 12, 10, NOW(), NOW()),
(32, 'MLA', 'Bose 700', 'Auriculares con cancelación de ruido', 32, 'MLA3697', NULL, 220000.00, 220000.00, 220000.00, 15, 12, NOW(), NOW()),
(33, 'MLA', 'Sennheiser Momentum 3', 'Auriculares inalámbricos', 33, 'MLA3697', NULL, 200000.00, 200000.00, 200000.00, 10, 8, NOW(), NOW()),
(34, 'MLA', 'JBL Charge 5', 'Parlante Bluetooth', 34, 'MLA3697', NULL, 80000.00, 80000.00, 80000.00, 20, 18, NOW(), NOW()),
(35, 'MLA', 'Ultimate Ears Megaboom 3', 'Parlante Bluetooth', 35, 'MLA3697', NULL, 70000.00, 70000.00, 70000.00, 15, 12, NOW(), NOW()),
(36, 'MLA', 'Sony SRS-XB43', 'Parlante Bluetooth', 36, 'MLA3697', NULL, 90000.00, 90000.00, 90000.00, 25, 22, NOW(), NOW()),
(37, 'MLA', 'DJI Mini 3 Pro', 'Drone 4K, Fly More Combo', 37, 'MLA1276', NULL, 400000.00, 400000.00, 400000.00, 8, 6, NOW(), NOW()),
(38, 'MLA', 'Autel EVO II', 'Drone 8K, Enterprise Bundle', 38, 'MLA1276', NULL, 800000.00, 800000.00, 800000.00, 5, 3, NOW(), NOW()),
(39, 'MLA', 'Skydio 2', 'Drone 4K, Enterprise Kit', 39, 'MLA1276', NULL, 450000.00, 450000.00, 450000.00, 3, 2, NOW(), NOW()),
(40, 'MLA', 'Parrot Anafi', 'Drone 4K, Enterprise Bundle', 40, 'MLA1276', NULL, 380000.00, 380000.00, 380000.00, 4, 3, NOW(), NOW()),
(41, 'MLA', 'Holy Stone HS720E', 'Drone 4K, GPS', 41, 'MLA1276', NULL, 250000.00, 250000.00, 250000.00, 6, 5, NOW(), NOW()),
(42, 'MLA', 'Potensic Dreamer Pro', 'Drone 4K, GPS', 42, 'MLA1276', NULL, 280000.00, 280000.00, 280000.00, 5, 4, NOW(), NOW());

INSERT INTO products_details (id, product_id, description, status, warranty, sold_quantity, buyind_mode, listing_type_id, product_condition, permalink, thumbnail_id, thumbnail, secure_thumbnail, creation_date, update_date, stop_time) VALUES
(1, 1, 'iPhone 13 Pro Max 256GB - Nuevo, sellado, con garantía oficial de Apple. Incluye cargador, cable y manuales. Color: Grafito.', 'active', '12 months', 25, 'buy_it_now', 'gold_pro', 'new', 'https://articulo.mercadolibre.com.ar/MLA-1234567890-iphone-13-pro-max-256gb-_JM', 'D_NQ_NP_2X_123456-MLA12345678901_012023-F', 'https://http2.mlstatic.com/D_NQ_NP_2X_123456-MLA12345678901_012023-F.webp', 'https://http2.mlstatic.com/D_NQ_NP_2X_123456-MLA12345678901_012023-F.webp', NOW(), NOW(), '2024-12-31 23:59'),
(2, 2, 'Samsung Galaxy S21 Ultra - Último modelo, libre de fábrica. Incluye cargador rápido, auriculares y funda protectora. Color: Phantom Black.', 'active', '12 months', 18, 'buy_it_now', 'gold_pro', 'new', 'https://articulo.mercadolibre.com.ar/MLA-2345678901-samsung-galaxy-s21-ultra-_JM', 'D_NQ_NP_2X_234567-MLA23456789012_012023-F', 'https://http2.mlstatic.com/D_NQ_NP_2X_234567-MLA23456789012_012023-F.webp', 'https://http2.mlstatic.com/D_NQ_NP_2X_234567-MLA23456789012_012023-F.webp', NOW(), NOW(), '2024-12-31 23:59'),
(3, 3, 'MacBook Pro M1 16" - Procesador M1 Pro, 16GB RAM, 512GB SSD. Incluye cargador MagSafe y manuales. Color: Space Gray.', 'active', '12 months', 12, 'buy_it_now', 'gold_pro', 'new', 'https://articulo.mercadolibre.com.ar/MLA-3456789012-macbook-pro-m1-16-_JM', 'D_NQ_NP_2X_345678-MLA34567890123_012023-F', 'https://http2.mlstatic.com/D_NQ_NP_2X_345678-MLA34567890123_012023-F.webp', 'https://http2.mlstatic.com/D_NQ_NP_2X_345678-MLA34567890123_012023-F.webp', NOW(), NOW(), '2024-12-31 23:59'),
(4, 4, 'PlayStation 5 - Edición Digital, nueva y sellada. Incluye control DualSense y cable HDMI. Garantía oficial de Sony.', 'active', '12 months', 30, 'buy_it_now', 'gold_pro', 'new', 'https://articulo.mercadolibre.com.ar/MLA-4567890123-playstation-5-digital-_JM', 'D_NQ_NP_2X_456789-MLA45678901234_012023-F', 'https://http2.mlstatic.com/D_NQ_NP_2X_456789-MLA45678901234_012023-F.webp', 'https://http2.mlstatic.com/D_NQ_NP_2X_456789-MLA45678901234_012023-F.webp', NOW(), NOW(), '2024-12-31 23:59'),
(5, 5, 'Nintendo Switch OLED - Blanca, nueva y sellada. Incluye dock, joy-cons y cable HDMI. Garantía oficial de Nintendo.', 'active', '12 months', 45, 'buy_it_now', 'gold_pro', 'new', 'https://articulo.mercadolibre.com.ar/MLA-5678901234-nintendo-switch-oled-_JM', 'D_NQ_NP_2X_567890-MLA56789012345_012023-F', 'https://http2.mlstatic.com/D_NQ_NP_2X_567890-MLA56789012345_012023-F.webp', 'https://http2.mlstatic.com/D_NQ_NP_2X_567890-MLA56789012345_012023-F.webp', NOW(), NOW(), '2024-12-31 23:59'),
(6, 6, 'Sony WH-1000XM4 - Auriculares inalámbricos con cancelación de ruido. Incluye estuche y cable USB-C. Color: Negro.', 'active', '12 months', 20, 'buy_it_now', 'gold_pro', 'new', 'https://articulo.mercadolibre.com.ar/MLA-6789012345-sony-wh-1000xm4-_JM', 'D_NQ_NP_2X_678901-MLA67890123456_012023-F', 'https://http2.mlstatic.com/D_NQ_NP_2X_678901-MLA67890123456_012023-F.webp', 'https://http2.mlstatic.com/D_NQ_NP_2X_678901-MLA67890123456_012023-F.webp', NOW(), NOW(), '2024-12-31 23:59'),
(7, 7, 'iPad Pro 12.9" M1 - 256GB, WiFi + Cellular. Incluye Apple Pencil 2, teclado Magic Keyboard y funda. Color: Space Gray.', 'active', '12 months', 15, 'buy_it_now', 'gold_pro', 'new', 'https://articulo.mercadolibre.com.ar/MLA-7890123456-ipad-pro-12-9-m1-_JM', 'D_NQ_NP_2X_789012-MLA78901234567_012023-F', 'https://http2.mlstatic.com/D_NQ_NP_2X_789012-MLA78901234567_012023-F.webp', 'https://http2.mlstatic.com/D_NQ_NP_2X_789012-MLA78901234567_012023-F.webp', NOW(), NOW(), '2024-12-31 23:59'),
(8, 8, 'Samsung 4K Smart TV 55" - QLED, Serie Q80A. Incluye control remoto, soporte y manuales. Garantía oficial de Samsung.', 'active', '24 months', 8, 'buy_it_now', 'gold_pro', 'new', 'https://articulo.mercadolibre.com.ar/MLA-8901234567-samsung-4k-smart-tv-55-_JM', 'D_NQ_NP_2X_890123-MLA89012345678_012023-F', 'https://http2.mlstatic.com/D_NQ_NP_2X_890123-MLA89012345678_012023-F.webp', 'https://http2.mlstatic.com/D_NQ_NP_2X_890123-MLA89012345678_012023-F.webp', NOW(), NOW(), '2024-12-31 23:59'),
(9, 9, 'Canon EOS R6 - Cámara Mirrorless Full Frame. Incluye lente RF 24-105mm f/4L, batería y tarjeta SD. Garantía oficial de Canon.', 'active', '12 months', 6, 'buy_it_now', 'gold_pro', 'new', 'https://articulo.mercadolibre.com.ar/MLA-9012345678-canon-eos-r6-_JM', 'D_NQ_NP_2X_901234-MLA90123456789_012023-F', 'https://http2.mlstatic.com/D_NQ_NP_2X_901234-MLA90123456789_012023-F.webp', 'https://http2.mlstatic.com/D_NQ_NP_2X_901234-MLA90123456789_012023-F.webp', NOW(), NOW(), '2024-12-31 23:59'),
(10, 10, 'DJI Mavic Air 2 - Drone 4K, Fly More Combo. Incluye 3 baterías, estuche y filtros ND. Garantía oficial de DJI.', 'active', '12 months', 12, 'buy_it_now', 'gold_pro', 'new', 'https://articulo.mercadolibre.com.ar/MLA-0123456789-dji-mavic-air-2-_JM', 'D_NQ_NP_2X_012345-MLA01234567890_012023-F', 'https://http2.mlstatic.com/D_NQ_NP_2X_012345-MLA01234567890_012023-F.webp', 'https://http2.mlstatic.com/D_NQ_NP_2X_012345-MLA01234567890_012023-F.webp', NOW(), NOW(), '2024-12-31 23:59'),
(11, 11, 'Apple Watch Series 7 - GPS + Cellular, 45mm. Incluye correa deportiva y cargador magnético. Color: Midnight.', 'active', '12 months', 25, 'buy_it_now', 'gold_pro', 'new', 'https://articulo.mercadolibre.com.ar/MLA-1234567891-apple-watch-series-7-_JM', 'D_NQ_NP_2X_123456-MLA12345678911_012023-F', 'https://http2.mlstatic.com/D_NQ_NP_2X_123456-MLA12345678911_012023-F.webp', 'https://http2.mlstatic.com/D_NQ_NP_2X_123456-MLA12345678911_012023-F.webp', NOW(), NOW(), '2024-12-31 23:59'),
(12, 12, 'Samsung Galaxy Watch 4 - Classic, 46mm. Incluye correa de cuero y cargador inalámbrico. Color: Negro.', 'active', '12 months', 18, 'buy_it_now', 'gold_pro', 'new', 'https://articulo.mercadolibre.com.ar/MLA-2345678902-samsung-galaxy-watch-4-_JM', 'D_NQ_NP_2X_234567-MLA23456789022_012023-F', 'https://http2.mlstatic.com/D_NQ_NP_2X_234567-MLA23456789022_012023-F.webp', 'https://http2.mlstatic.com/D_NQ_NP_2X_234567-MLA23456789022_012023-F.webp', NOW(), NOW(), '2024-12-31 23:59'),
(13, 13, 'Bose QuietComfort 45 - Auriculares con cancelación de ruido. Incluye estuche y cable de audio. Color: Negro.', 'active', '12 months', 15, 'buy_it_now', 'gold_pro', 'new', 'https://articulo.mercadolibre.com.ar/MLA-3456789013-bose-quietcomfort-45-_JM', 'D_NQ_NP_2X_345678-MLA34567890133_012023-F', 'https://http2.mlstatic.com/D_NQ_NP_2X_345678-MLA34567890133_012023-F.webp', 'https://http2.mlstatic.com/D_NQ_NP_2X_345678-MLA34567890133_012023-F.webp', NOW(), NOW(), '2024-12-31 23:59'),
(14, 14, 'LG OLED TV 65" - Serie C1, 4K. Incluye control remoto, soporte y manuales. Garantía oficial de LG.', 'active', '24 months', 6, 'buy_it_now', 'gold_pro', 'new', 'https://articulo.mercadolibre.com.ar/MLA-4567890124-lg-oled-tv-65-_JM', 'D_NQ_NP_2X_456789-MLA45678901244_012023-F', 'https://http2.mlstatic.com/D_NQ_NP_2X_456789-MLA45678901244_012023-F.webp', 'https://http2.mlstatic.com/D_NQ_NP_2X_456789-MLA45678901244_012023-F.webp', NOW(), NOW(), '2024-12-31 23:59'),
(15, 15, 'Microsoft Surface Laptop 4 - Intel Core i7, 16GB RAM. Incluye cargador y funda. Color: Platino.', 'active', '12 months', 8, 'buy_it_now', 'gold_pro', 'new', 'https://articulo.mercadolibre.com.ar/MLA-5678901235-microsoft-surface-laptop-4-_JM', 'D_NQ_NP_2X_567890-MLA56789012355_012023-F', 'https://http2.mlstatic.com/D_NQ_NP_2X_567890-MLA56789012355_012023-F.webp', 'https://http2.mlstatic.com/D_NQ_NP_2X_567890-MLA56789012355_012023-F.webp', NOW(), NOW(), '2024-12-31 23:59'),
(16, 16, 'GoPro Hero 10 Black - Cámara de acción 5.3K. Incluye batería, tarjeta SD y montaje. Garantía oficial de GoPro.', 'active', '12 months', 20, 'buy_it_now', 'gold_pro', 'new', 'https://articulo.mercadolibre.com.ar/MLA-6789012346-gopro-hero-10-black-_JM', 'D_NQ_NP_2X_678901-MLA67890123466_012023-F', 'https://http2.mlstatic.com/D_NQ_NP_2X_678901-MLA67890123466_012023-F.webp', 'https://http2.mlstatic.com/D_NQ_NP_2X_678901-MLA67890123466_012023-F.webp', NOW(), NOW(), '2024-12-31 23:59'),
(17, 17, 'Sony A7 IV - Cámara Mirrorless Full Frame. Incluye lente FE 28-70mm, batería y tarjeta SD. Garantía oficial de Sony.', 'active', '12 months', 5, 'buy_it_now', 'gold_pro', 'new', 'https://articulo.mercadolibre.com.ar/MLA-7890123457-sony-a7-iv-_JM', 'D_NQ_NP_2X_789012-MLA78901234577_012023-F', 'https://http2.mlstatic.com/D_NQ_NP_2X_789012-MLA78901234577_012023-F.webp', 'https://http2.mlstatic.com/D_NQ_NP_2X_789012-MLA78901234577_012023-F.webp', NOW(), NOW(), '2024-12-31 23:59'),
(18, 18, 'Apple AirPods Pro - Con cancelación de ruido. Incluye estuche de carga y cable USB-C. Garantía oficial de Apple.', 'active', '12 months', 35, 'buy_it_now', 'gold_pro', 'new', 'https://articulo.mercadolibre.com.ar/MLA-8901234568-apple-airpods-pro-_JM', 'D_NQ_NP_2X_890123-MLA89012345688_012023-F', 'https://http2.mlstatic.com/D_NQ_NP_2X_890123-MLA89012345688_012023-F.webp', 'https://http2.mlstatic.com/D_NQ_NP_2X_890123-MLA89012345688_012023-F.webp', NOW(), NOW(), '2024-12-31 23:59'),
(19, 19, 'Samsung Galaxy Buds Pro - Auriculares inalámbricos. Incluye estuche de carga y almohadillas. Color: Phantom Black.', 'active', '12 months', 25, 'buy_it_now', 'gold_pro', 'new', 'https://articulo.mercadolibre.com.ar/MLA-9012345679-samsung-galaxy-buds-pro-_JM', 'D_NQ_NP_2X_901234-MLA90123456799_012023-F', 'https://http2.mlstatic.com/D_NQ_NP_2X_901234-MLA90123456799_012023-F.webp', 'https://http2.mlstatic.com/D_NQ_NP_2X_901234-MLA90123456799_012023-F.webp', NOW(), NOW(), '2024-12-31 23:59'),
(20, 20, 'Xbox Series X - Consola nueva y sellada. Incluye control inalámbrico y cable HDMI. Garantía oficial de Microsoft.', 'active', '12 months', 15, 'buy_it_now', 'gold_pro', 'new', 'https://articulo.mercadolibre.com.ar/MLA-0123456780-xbox-series-x-_JM', 'D_NQ_NP_2X_012345-MLA01234567800_012023-F', 'https://http2.mlstatic.com/D_NQ_NP_2X_012345-MLA01234567800_012023-F.webp', 'https://http2.mlstatic.com/D_NQ_NP_2X_012345-MLA01234567800_012023-F.webp', NOW(), NOW(), '2024-12-31 23:59'),
(21, 21, 'Nintendo Switch Lite - Turquesa, nueva y sellada. Incluye cargador y manuales. Garantía oficial de Nintendo.', 'active', '12 months', 30, 'buy_it_now', 'gold_pro', 'new', 'https://articulo.mercadolibre.com.ar/MLA-1234567892-nintendo-switch-lite-_JM', 'D_NQ_NP_2X_123456-MLA12345678922_012023-F', 'https://http2.mlstatic.com/D_NQ_NP_2X_123456-MLA12345678922_012023-F.webp', 'https://http2.mlstatic.com/D_NQ_NP_2X_123456-MLA12345678922_012023-F.webp', NOW(), NOW(), '2024-12-31 23:59'),
(22, 22, 'Dell XPS 13 - Intel Core i7, 16GB RAM. Incluye cargador y funda. Color: Plata.', 'active', '12 months', 8, 'buy_it_now', 'gold_pro', 'new', 'https://articulo.mercadolibre.com.ar/MLA-2345678903-dell-xps-13-_JM', 'D_NQ_NP_2X_234567-MLA23456789033_012023-F', 'https://http2.mlstatic.com/D_NQ_NP_2X_234567-MLA23456789033_012023-F.webp', 'https://http2.mlstatic.com/D_NQ_NP_2X_234567-MLA23456789033_012023-F.webp', NOW(), NOW(), '2024-12-31 23:59'),
(23, 23, 'HP Spectre x360 - Intel Core i7, 16GB RAM. Incluye cargador y estilete. Color: Nightfall Black.', 'active', '12 months', 10, 'buy_it_now', 'gold_pro', 'new', 'https://articulo.mercadolibre.com.ar/MLA-3456789014-hp-spectre-x360-_JM', 'D_NQ_NP_2X_345678-MLA34567890144_012023-F', 'https://http2.mlstatic.com/D_NQ_NP_2X_345678-MLA34567890144_012023-F.webp', 'https://http2.mlstatic.com/D_NQ_NP_2X_345678-MLA34567890144_012023-F.webp', NOW(), NOW(), '2024-12-31 23:59'),
(24, 24, 'Lenovo ThinkPad X1 - Intel Core i7, 16GB RAM. Incluye cargador y funda. Color: Negro.', 'active', '12 months', 6, 'buy_it_now', 'gold_pro', 'new', 'https://articulo.mercadolibre.com.ar/MLA-4567890125-lenovo-thinkpad-x1-_JM', 'D_NQ_NP_2X_456789-MLA45678901255_012023-F', 'https://http2.mlstatic.com/D_NQ_NP_2X_456789-MLA45678901255_012023-F.webp', 'https://http2.mlstatic.com/D_NQ_NP_2X_456789-MLA45678901255_012023-F.webp', NOW(), NOW(), '2024-12-31 23:59'),
(25, 25, 'Asus ROG Zephyrus - AMD Ryzen 9, 32GB RAM. Incluye cargador y funda. Color: Eclipse Gray.', 'active', '12 months', 4, 'buy_it_now', 'gold_pro', 'new', 'https://articulo.mercadolibre.com.ar/MLA-5678901236-asus-rog-zephyrus-_JM', 'D_NQ_NP_2X_567890-MLA56789012366_012023-F', 'https://http2.mlstatic.com/D_NQ_NP_2X_567890-MLA56789012366_012023-F.webp', 'https://http2.mlstatic.com/D_NQ_NP_2X_567890-MLA56789012366_012023-F.webp', NOW(), NOW(), '2024-12-31 23:59'),
(26, 26, 'MSI GE76 Raider - Intel Core i9, 32GB RAM. Incluye cargador y funda. Color: Titanium Blue.', 'active', '12 months', 4, 'buy_it_now', 'gold_pro', 'new', 'https://articulo.mercadolibre.com.ar/MLA-6789012347-msi-ge76-raider-_JM', 'D_NQ_NP_2X_678901-MLA67890123477_012023-F', 'https://http2.mlstatic.com/D_NQ_NP_2X_678901-MLA67890123477_012023-F.webp', 'https://http2.mlstatic.com/D_NQ_NP_2X_678901-MLA67890123477_012023-F.webp', NOW(), NOW(), '2024-12-31 23:59'),
(27, 27, 'Alienware x17 - Intel Core i9, 64GB RAM. Incluye cargador y funda. Color: Lunar Light.', 'active', '12 months', 3, 'buy_it_now', 'gold_pro', 'new', 'https://articulo.mercadolibre.com.ar/MLA-7890123458-alienware-x17-_JM', 'D_NQ_NP_2X_789012-MLA78901234588_012023-F', 'https://http2.mlstatic.com/D_NQ_NP_2X_789012-MLA78901234588_012023-F.webp', 'https://http2.mlstatic.com/D_NQ_NP_2X_789012-MLA78901234588_012023-F.webp', NOW(), NOW(), '2024-12-31 23:59'),
(28, 28, 'Razer Blade 15 - Intel Core i7, 32GB RAM. Incluye cargador y funda. Color: Negro.', 'active', '12 months', 6, 'buy_it_now', 'gold_pro', 'new', 'https://articulo.mercadolibre.com.ar/MLA-8901234569-razer-blade-15-_JM', 'D_NQ_NP_2X_890123-MLA89012345699_012023-F', 'https://http2.mlstatic.com/D_NQ_NP_2X_890123-MLA89012345699_012023-F.webp', 'https://http2.mlstatic.com/D_NQ_NP_2X_890123-MLA89012345699_012023-F.webp', NOW(), NOW(), '2024-12-31 23:59'),
(29, 29, 'Acer Predator Helios - Intel Core i7, 16GB RAM. Incluye cargador y funda. Color: Abyssal Black.', 'active', '12 months', 8, 'buy_it_now', 'gold_pro', 'new', 'https://articulo.mercadolibre.com.ar/MLA-9012345670-acer-predator-helios-_JM', 'D_NQ_NP_2X_901234-MLA90123456700_012023-F', 'https://http2.mlstatic.com/D_NQ_NP_2X_901234-MLA90123456700_012023-F.webp', 'https://http2.mlstatic.com/D_NQ_NP_2X_901234-MLA90123456700_012023-F.webp', NOW(), NOW(), '2024-12-31 23:59'),
(30, 30, 'Gigabyte Aorus 15G - Intel Core i7, 32GB RAM. Incluye cargador y funda. Color: Black.', 'active', '12 months', 6, 'buy_it_now', 'gold_pro', 'new', 'https://articulo.mercadolibre.com.ar/MLA-0123456781-gigabyte-aorus-15g-_JM', 'D_NQ_NP_2X_012345-MLA01234567811_012023-F', 'https://http2.mlstatic.com/D_NQ_NP_2X_012345-MLA01234567811_012023-F.webp', 'https://http2.mlstatic.com/D_NQ_NP_2X_012345-MLA01234567811_012023-F.webp', NOW(), NOW(), '2024-12-31 23:59'),
(31, 31, 'Sony WH-1000XM5 - Auriculares inalámbricos. Incluye estuche y cable USB-C. Color: Negro.', 'active', '12 months', 12, 'buy_it_now', 'gold_pro', 'new', 'https://articulo.mercadolibre.com.ar/MLA-1234567893-sony-wh-1000xm5-_JM', 'D_NQ_NP_2X_123456-MLA12345678933_012023-F', 'https://http2.mlstatic.com/D_NQ_NP_2X_123456-MLA12345678933_012023-F.webp', 'https://http2.mlstatic.com/D_NQ_NP_2X_123456-MLA12345678933_012023-F.webp', NOW(), NOW(), '2024-12-31 23:59'),
(32, 32, 'Bose 700 - Auriculares con cancelación de ruido. Incluye estuche y cable USB-C. Color: Plata.', 'active', '12 months', 15, 'buy_it_now', 'gold_pro', 'new', 'https://articulo.mercadolibre.com.ar/MLA-2345678904-bose-700-_JM', 'D_NQ_NP_2X_234567-MLA23456789044_012023-F', 'https://http2.mlstatic.com/D_NQ_NP_2X_234567-MLA23456789044_012023-F.webp', 'https://http2.mlstatic.com/D_NQ_NP_2X_234567-MLA23456789044_012023-F.webp', NOW(), NOW(), '2024-12-31 23:59'),
(33, 33, 'Sennheiser Momentum 3 - Auriculares inalámbricos. Incluye estuche y cable USB-C. Color: Negro.', 'active', '12 months', 10, 'buy_it_now', 'gold_pro', 'new', 'https://articulo.mercadolibre.com.ar/MLA-3456789015-sennheiser-momentum-3-_JM', 'D_NQ_NP_2X_345678-MLA34567890155_012023-F', 'https://http2.mlstatic.com/D_NQ_NP_2X_345678-MLA34567890155_012023-F.webp', 'https://http2.mlstatic.com/D_NQ_NP_2X_345678-MLA34567890155_012023-F.webp', NOW(), NOW(), '2024-12-31 23:59'),
(34, 34, 'JBL Charge 5 - Parlante Bluetooth. Incluye cable USB-C y manual. Color: Negro.', 'active', '12 months', 20, 'buy_it_now', 'gold_pro', 'new', 'https://articulo.mercadolibre.com.ar/MLA-4567890126-jbl-charge-5-_JM', 'D_NQ_NP_2X_456789-MLA45678901266_012023-F', 'https://http2.mlstatic.com/D_NQ_NP_2X_456789-MLA45678901266_012023-F.webp', 'https://http2.mlstatic.com/D_NQ_NP_2X_456789-MLA45678901266_012023-F.webp', NOW(), NOW(), '2024-12-31 23:59'),
(35, 35, 'Ultimate Ears Megaboom 3 - Parlante Bluetooth. Incluye cable USB y manual. Color: Negro.', 'active', '12 months', 15, 'buy_it_now', 'gold_pro', 'new', 'https://articulo.mercadolibre.com.ar/MLA-5678901237-ultimate-ears-megaboom-3-_JM', 'D_NQ_NP_2X_567890-MLA56789012377_012023-F', 'https://http2.mlstatic.com/D_NQ_NP_2X_567890-MLA56789012377_012023-F.webp', 'https://http2.mlstatic.com/D_NQ_NP_2X_567890-MLA56789012377_012023-F.webp', NOW(), NOW(), '2024-12-31 23:59'),
(36, 36, 'Sony SRS-XB43 - Parlante Bluetooth. Incluye cable USB y manual. Color: Negro.', 'active', '12 months', 25, 'buy_it_now', 'gold_pro', 'new', 'https://articulo.mercadolibre.com.ar/MLA-6789012348-sony-srs-xb43-_JM', 'D_NQ_NP_2X_678901-MLA67890123488_012023-F', 'https://http2.mlstatic.com/D_NQ_NP_2X_678901-MLA67890123488_012023-F.webp', 'https://http2.mlstatic.com/D_NQ_NP_2X_678901-MLA67890123488_012023-F.webp', NOW(), NOW(), '2024-12-31 23:59'),
(37, 37, 'DJI Mini 3 Pro - Drone 4K, Fly More Combo. Incluye 3 baterías, estuche y filtros ND. Garantía oficial de DJI.', 'active', '12 months', 8, 'buy_it_now', 'gold_pro', 'new', 'https://articulo.mercadolibre.com.ar/MLA-7890123459-dji-mini-3-pro-_JM', 'D_NQ_NP_2X_789012-MLA78901234599_012023-F', 'https://http2.mlstatic.com/D_NQ_NP_2X_789012-MLA78901234599_012023-F.webp', 'https://http2.mlstatic.com/D_NQ_NP_2X_789012-MLA78901234599_012023-F.webp', NOW(), NOW(), '2024-12-31 23:59'),
(38, 38, 'Autel EVO II - Drone 8K, Enterprise Bundle. Incluye 3 baterías, estuche y filtros ND. Garantía oficial de Autel.', 'active', '12 months', 5, 'buy_it_now', 'gold_pro', 'new', 'https://articulo.mercadolibre.com.ar/MLA-8901234560-autel-evo-ii-_JM', 'D_NQ_NP_2X_890123-MLA89012345600_012023-F', 'https://http2.mlstatic.com/D_NQ_NP_2X_890123-MLA89012345600_012023-F.webp', 'https://http2.mlstatic.com/D_NQ_NP_2X_890123-MLA89012345600_012023-F.webp', NOW(), NOW(), '2024-12-31 23:59'),
(39, 39, 'Skydio 2 - Drone 4K, Enterprise Kit. Incluye 3 baterías, estuche y filtros ND. Garantía oficial de Skydio.', 'active', '12 months', 1, 'buy_it_now', 'gold_pro', 'new', 'https://articulo.mercadolibre.com.ar/MLA-9012345671-skydio-2-_JM', 'D_NQ_NP_2X_901234-MLA90123456711_012023-F', 'https://http2.mlstatic.com/D_NQ_NP_2X_901234-MLA90123456711_012023-F.webp', 'https://http2.mlstatic.com/D_NQ_NP_2X_901234-MLA90123456711_012023-F.webp', NOW(), NOW(), '2024-12-31 23:59'),
(40, 40, 'Parrot Anafi - Drone 4K, Enterprise Bundle. Incluye 2 baterías, estuche y filtros ND. Garantía oficial de Parrot.', 'active', '12 months', 1, 'buy_it_now', 'gold_pro', 'new', 'https://articulo.mercadolibre.com.ar/MLA-0123456782-parrot-anafi-_JM', 'D_NQ_NP_2X_012345-MLA01234567822_012023-F', 'https://http2.mlstatic.com/D_NQ_NP_2X_012345-MLA01234567822_012023-F.webp', 'https://http2.mlstatic.com/D_NQ_NP_2X_012345-MLA01234567822_012023-F.webp', NOW(), NOW(), '2024-12-31 23:59'),
(41, 41, 'Holy Stone HS720E - Drone 4K, GPS. Incluye 2 baterías, estuche y filtros ND. Garantía oficial de Holy Stone.', 'active', '12 months', 1, 'buy_it_now', 'gold_pro', 'new', 'https://articulo.mercadolibre.com.ar/MLA-1234567894-holy-stone-hs720e-_JM', 'D_NQ_NP_2X_123456-MLA12345678944_012023-F', 'https://http2.mlstatic.com/D_NQ_NP_2X_123456-MLA12345678944_012023-F.webp', 'https://http2.mlstatic.com/D_NQ_NP_2X_123456-MLA12345678944_012023-F.webp', NOW(), NOW(), '2024-12-31 23:59'),
(42, 42, 'Potensic Dreamer Pro - Drone 4K, GPS. Incluye 2 baterías, estuche y filtros ND. Garantía oficial de Potensic.', 'active', '12 months', 1, 'buy_it_now', 'gold_pro', 'new', 'https://articulo.mercadolibre.com.ar/MLA-2345678905-potensic-dreamer-pro-_JM', 'D_NQ_NP_2X_234567-MLA23456789055_012023-F', 'https://http2.mlstatic.com/D_NQ_NP_2X_234567-MLA23456789055_012023-F.webp', 'https://http2.mlstatic.com/D_NQ_NP_2X_234567-MLA23456789055_012023-F.webp', NOW(), NOW(), '2024-12-31 23:59'); 